Tweet,loc,State
@3AWNeilMitchell @3AW693 now spruking vaccine passport. It‚Äôs like his talking points are given to him by the deep s‚Ä¶ https://t.co/dMRNjpVAyx,"Victoria, Australia",NA
"** NO¬†¬† Mask !!!
** NO¬†¬† Vaccine !!!
** NO¬†¬† Control !!!
**¬† Deep¬† State¬† Out !!!",,NA
"Who, other than me believes that ‚Äúoperation warp speed‚Äù has nothing to do with vaccine production? Might as well re‚Ä¶ https://t.co/BNz5ARKNkd","Oregon, USA",Oregon
"RT @PkPatriot1947: @ZaidZamanHamid The government is incompetent. We all know that. But if the ""Pakistan state"" too does not understand the‚Ä¶","Karachi, Pakistan",NA
"May 27, 2020
The Injection Fraud ‚Äì It‚Äôs Not a Vaccine ‚Äì Solari Report
https://t.co/1K6flPSVUM

https://t.co/pSyaCzB237",Earth,NA
"She has a banner photo of when Trump exposed Fauci as deep state.

She is holding up her vaccine card in her avi. https://t.co/g0WztqUumV",,NA
"Shooting the vaccine
Bill Gates is in my bloodstream
It's mind control
The Earth is flat and cold
It's never warmin‚Ä¶ https://t.co/DkykunzfVX","Brescia, Lombardia",NA
@TusharN20 @PriyankaBII @LakhobaLokhande @Sorted_66 @FashivS @RaneVirendra @R_priyamv7 @1mrgsay @TikhatNThet‚Ä¶ https://t.co/UsJKoRcfkj,,NA
I am a big supporter of HCQ. But if allowed to be used we never would have given them a reason to usher in drop box‚Ä¶ https://t.co/l1pFBjpkLB,"Galveston County, TX",Texas
Deadly Deep State Vaccine Warfare! Q+ Trump Is Saving Millions of Lives Plus Waking Up Billions More https://t.co/CljqtcRqFz,"Asheville, NC",North Carolina
"RT @HimalayanHv: @DrPramodPSawant @goacm Personal message to Goa CM Pramod Sawant from Capt Ajit Vadakayil

YOU PRAISED VACCINES , AND LIED‚Ä¶",Kurnoool,NA
@GregAbbott_TX I‚Äôm starting to think the deep state did insert a chip into your arm via vaccine. You‚Äôre trippin‚Äô.,"Houston, TX",Texas
"RT @HimalayanHv: @HardeepSPuri @benice2021_ They are all sailing in th same boat of Global Vaccine lobby

When Jewish Deep state says Jump‚Ä¶",Mumbai,NA
I'm having the worst deep state of depression I've had in years and I'm scheduled for Covid vaccine 2 tomorrow and‚Ä¶ https://t.co/cJCX3G2rm1,,NA
"RT @HimalayanHv: @DrPramodPSawant @goacm Personal message to Goa CM Pramod Sawant from Capt Ajit Vadakayil

YOU PRAISED VACCINES , AND LIED‚Ä¶",,NA
"RT @HimalayanHv: @DrPramodPSawant @goacm Personal message to Goa CM Pramod Sawant from Capt Ajit Vadakayil

YOU PRAISED VACCINES , AND LIED‚Ä¶",,NA
"RT @HimalayanHv: @AbeCrossX Deep state darling Gujju no2  PM Modi has surrendered India's sovereignty to the Jewish Vaccine lobby.

Indians‚Ä¶",India,NA
"RT @Ikn0Ihcas0: Nothing surprising.

If all members had unanimously agreed for Vaccine Passports, then it wudnt look nice.

Hence they made‚Ä¶",India,NA
"@SavinBlr @JhaSanjay This deep rooted upper strata mentality goes back to 3000 years. For this reason, some people‚Ä¶ https://t.co/S05EI7FWIK","West Bengal, India",NA
"Nothing surprising.

If all members had unanimously agreed for Vaccine Passports, then it wudnt look nice.

Hence t‚Ä¶ https://t.co/s79qAMPPwo",,NA
"@GreatGameIndia Nothing surprising.

If all members had unanimously agreed for Vaccine Passports, then it wudnt loo‚Ä¶ https://t.co/KmdzsLpOws",,NA
"RT @HimalayanHv: @DrPramodPSawant @goacm Personal message to Goa CM Pramod Sawant from Capt Ajit Vadakayil

YOU PRAISED VACCINES , AND LIED‚Ä¶",‡§≠‡§æ‡§∞‡§§,NA
"RT @HimalayanHv: @DrPramodPSawant @goacm Personal message to Goa CM Pramod Sawant from Capt Ajit Vadakayil

YOU PRAISED VACCINES , AND LIED‚Ä¶",,NA
"RT @HimalayanHv: @DrPramodPSawant @goacm Personal message to Goa CM Pramod Sawant from Capt Ajit Vadakayil

YOU PRAISED VACCINES , AND LIED‚Ä¶","Bengaluru South, India",NA
@AbeCrossX Deep state darling Gujju no2  PM Modi has surrendered India's sovereignty to the Jewish Vaccine lobby.‚Ä¶ https://t.co/GFEGLmOgOp,India,NA
"@BrooksChloe732 Relax, it's just the deep state fine-tuning the vaccine microchips in our brains.",Atlanticist,NA
"RT @hash2v666: @GreatGameIndia Traitor Modi &amp; Harsh Vardhan have severed bharatmata on the platter to Jewish Deep state Vaccine lobby
https‚Ä¶",,NA
@GreatGameIndia Traitor Modi &amp; Harsh Vardhan have severed bharatmata on the platter to Jewish Deep state Vaccine lo‚Ä¶ https://t.co/LbCqyU9gpr,,NA
"RT @HimalayanHv: @DrPramodPSawant @goacm Personal message to Goa CM Pramod Sawant from Capt Ajit Vadakayil

YOU PRAISED VACCINES , AND LIED‚Ä¶",,NA
@VXpass wonderful and hilarious. why? imagine the deep state/a few trill$families not wanting clarity regarding the‚Ä¶ https://t.co/YO11rylnpK,,NA
"@BitcoinAssn @VXpass This is wonderful and hilarious, especially if the deep state is intentionally not wanting cla‚Ä¶ https://t.co/DeMMgaq9iP",,NA
"@HardeepSPuri @benice2021_ They are all sailing in th same boat of Global Vaccine lobby

When Jewish Deep state say‚Ä¶ https://t.co/UPkstmrN1n",India,NA
"RT @IwerePm: @narendramodi @PMOIndia @amitshah
I AM MOST DISAPPOINTED WITH GOA CM PRAMOD SAWANT WHO CAME ON TV A FEW HRS AGO..
COVID GRAPH‚Ä¶","Bengaluru South, India",NA
"@PriyankaJShukla @kannanlp @MoHFW_INDIA Ivermectin have brought down the covid graph in UP, Goa &amp; Delhi‚Ä¶ https://t.co/N6VuLGXd0D",,NA
"RT @IwerePm: @narendramodi @PMOIndia @amitshah
I AM MOST DISAPPOINTED WITH GOA CM PRAMOD SAWANT WHO CAME ON TV A FEW HRS AGO..
COVID GRAPH‚Ä¶","Chennai, India",NA
"RT @IwerePm: @narendramodi @PMOIndia @amitshah
I AM MOST DISAPPOINTED WITH GOA CM PRAMOD SAWANT WHO CAME ON TV A FEW HRS AGO..
COVID GRAPH‚Ä¶",Global Perception Citizen,NA
"@narendramodi This man has sold India and Indians to the Jewish Deep State owned Vaccine lobby.

People all over th‚Ä¶ https://t.co/S6oBd3Gtwb",India,NA
"RT @IwerePm: @narendramodi @PMOIndia @amitshah
I AM MOST DISAPPOINTED WITH GOA CM PRAMOD SAWANT WHO CAME ON TV A FEW HRS AGO..
COVID GRAPH‚Ä¶",,NA
"@DrPramodPSawant @goacm Personal message to Goa CM Pramod Sawant from Capt Ajit Vadakayil

YOU PRAISED VACCINES , A‚Ä¶ https://t.co/SdStID7g6t",India,NA
"RT @IwerePm: @narendramodi @PMOIndia @amitshah
I AM MOST DISAPPOINTED WITH GOA CM PRAMOD SAWANT WHO CAME ON TV A FEW HRS AGO..
COVID GRAPH‚Ä¶",India,NA
"In Washington state, if you get the vaccine you can now get a deep discount on weed ‚Äî talk about high vibe bribes..‚Ä¶ https://t.co/IfH797dXXq",Bag End,NA
"RT @IwerePm: @narendramodi @PMOIndia @amitshah
I AM MOST DISAPPOINTED WITH GOA CM PRAMOD SAWANT WHO CAME ON TV A FEW HRS AGO..
COVID GRAPH‚Ä¶",,NA
"@narendramodi @PMOIndia @amitshah
I AM MOST DISAPPOINTED WITH GOA CM PRAMOD SAWANT WHO CAME ON TV A FEW HRS AGO..
C‚Ä¶ https://t.co/E18zVwGHkr",Global Perception Citizen,NA
"@PokerPolitics Shhh the actual Deep State plot was a psychological OP all along. When the real virus is realized ,‚Ä¶ https://t.co/6Obu36XqiB","Indianapolis, IN",Indiana
@deep_kanakia @GargiRawat @Nidhi Oh really? 18+ were vaccinated for free at central and state government hospitals‚Ä¶ https://t.co/elbpJItaHl,,NA
"The most ""safe"" of the vaxxes pushed by the Deep State, patented by J&amp;J and more like the Russian Sputnik vaccine i‚Ä¶ https://t.co/NMEY373xxo",To learn more:  jw.org,NA
@huntonas @MarshaBlackburn Schr√∂dinger's virus: It is both a hoax created by the Deep State with a mind-controling‚Ä¶ https://t.co/hh89qSSP2t,,NA
Negotiating the 4th of July? He must be completely demented! Desperately trying to fulfill the Deep State/Cabal age‚Ä¶ https://t.co/F7qkCiuYZf,,NA
Deadly Deep State Vaccine Warfare: Did Trump Just Save Millions of Lives? [WATCH] ‚Äì 3% https://t.co/RnkSGmzM75),USA,NA
"The deep state professionals SAVED America. If it wasn't for them acting with the pharmas, DESPITE trump and his so‚Ä¶ https://t.co/fNmYPMgRwt",,NA
https://t.co/CY1THKRnUJ,Coos County Oregon,Oregon
"I think Trump‚Äôs moving so quickly with the vaccine was so that it could only be emergency authorized, thus not mand‚Ä¶ https://t.co/nVxdnzNe46",United States,NA
@AlAthaya1 @Raptor22d I‚ÄôM NOT GETTING A FUCKING VACCINE THAT WAS DEVELOPED BY DEEP STATE NOT EVEN TO CURE PEOPLE BU‚Ä¶ https://t.co/HC19Yfqa1i,,NA
@Betty_Wolf @ScottGottliebMD Let me guess: you also believe that Bill Gates is implanting everyone with a tracking‚Ä¶ https://t.co/AIetquKdxd,,NA
RT @ZaleskiLuke: ‚ÄúI‚Äôll NEVER TAKE THAT CRAZYASS VACCINE THAT‚ÄôLL TURN ME INTO A ZOMBIE THAT CAN BE TRACKED BY BIG TECH AND THE DEEP STATE LI‚Ä¶,"Washington, DC",Virginia
RT @ZaleskiLuke: @MollyJongFast ‚ÄúI‚Äôll NEVER TAKE THAT CRAZY VACCINE THAT‚ÄôLL TURN ME INTO A ZOMBIE THAT CAN BE TRACKED BY BIG TECH AND THE D‚Ä¶,,NA
RT @ZaleskiLuke: ‚ÄúI‚Äôll NEVER TAKE THAT CRAZYASS VACCINE THAT‚ÄôLL TURN ME INTO A ZOMBIE THAT CAN BE TRACKED BY BIG TECH AND THE DEEP STATE LI‚Ä¶,,NA
"RT @ANI: 25% of vaccination work with states will now be handled by the Centre, it will be implemented in the coming two weeks. Both State‚Ä¶","New Delhi, India",NA
RT @ZaleskiLuke: @MollyJongFast ‚ÄúI‚Äôll NEVER TAKE THAT CRAZY VACCINE THAT‚ÄôLL TURN ME INTO A ZOMBIE THAT CAN BE TRACKED BY BIG TECH AND THE D‚Ä¶,"Long Island, New York",New York
RT @ZaleskiLuke: @MollyJongFast ‚ÄúI‚Äôll NEVER TAKE THAT CRAZY VACCINE THAT‚ÄôLL TURN ME INTO A ZOMBIE THAT CAN BE TRACKED BY BIG TECH AND THE D‚Ä¶,,NA
RT @ZaleskiLuke: @MollyJongFast ‚ÄúI‚Äôll NEVER TAKE THAT CRAZY VACCINE THAT‚ÄôLL TURN ME INTO A ZOMBIE THAT CAN BE TRACKED BY BIG TECH AND THE D‚Ä¶,,NA
@ollysmithtravel We learn that done rather risk catching virus than get vaccine to not catch it cause they by lies‚Ä¶ https://t.co/DbqgyD4Vzj,"Birmingham, AL",Alabama
RT @greenfield64: Trump‚Äôs praise of the vaccine shocked his crowd into  silence; many if not most think it‚Äôs a hoax or a deep state creatio‚Ä¶,The Monmouth Tract,NA
RT @greenfield64: Trump‚Äôs praise of the vaccine shocked his crowd into  silence; many if not most think it‚Äôs a hoax or a deep state creatio‚Ä¶,NYC,New York
"RT @RajivTy29200637: @pbhushan1 Prashant ji, I want to file a P I L on my right to refuse a vaccine, because I see it coming shortly that g‚Ä¶",,NA
"Voter Fraud, Deep State Exposed, Alien Invasion, Vaccine Shedding, Elevating Your Frequency &amp; More! https://t.co/eIVPJwtX4H","Roscoe, IL",Illinois
RT @Shehzad_Ind: Seeing the states and the way they managed or mismanaged even the 25% channel of vaccinations I think PM @narendramodi is‚Ä¶,"‡¶™‡¶∂‡ßç‡¶ö‡¶ø‡¶Æ ‡¶¨‡¶ô‡ßç‡¶ó, ‡§≠‡§æ‡§∞‡§§",NA
"RT @nytimes: States across the South, where vaccination rates are lagging, could face a surge in coronavirus cases over the summer, experts‚Ä¶",Dreaming of Prague,NA
"Voter Fraud, Deep State Exposed, Alien Invasion, Vaccine Shedding, Elevating Your Frequency &amp; More! https://t.co/HDyLsM25oi",Tehran,NA
"@MichaelZarrabi To think,
all this time Dr. Fauci has been secretly working with Hugo Chavez, who is guided by the‚Ä¶ https://t.co/MoaqcSg5V8","#NeverTrump, California, USA",California
RT @greenfield64: Trump‚Äôs praise of the vaccine shocked his crowd into  silence; many if not most think it‚Äôs a hoax or a deep state creatio‚Ä¶,"Florida, USA",Florida
"Global Research: The Covid Deep State: Threats, Vaccine Injuries and Deaths Abound No Compensation. No Justice - Gl‚Ä¶ https://t.co/FLRHqTuRZl","Boise, ID",Idaho
"Voter Fraud, Deep State Exposed, Alien Invasion, Vaccine Shedding, Elevating Your Frequency &amp; More! https://t.co/B2w32GeKgJ",Montana,Mondana
RT @greenfield64: Trump‚Äôs praise of the vaccine shocked his crowd into  silence; many if not most think it‚Äôs a hoax or a deep state creatio‚Ä¶,"Manitoba, Canada",NA
RT @greenfield64: Trump‚Äôs praise of the vaccine shocked his crowd into  silence; many if not most think it‚Äôs a hoax or a deep state creatio‚Ä¶,"Pennsylvania, USA",Pennsylvania
RT @greenfield64: Trump‚Äôs praise of the vaccine shocked his crowd into  silence; many if not most think it‚Äôs a hoax or a deep state creatio‚Ä¶,Eastern U.S.,NA
RT @greenfield64: Trump‚Äôs praise of the vaccine shocked his crowd into  silence; many if not most think it‚Äôs a hoax or a deep state creatio‚Ä¶,,NA
RT @greenfield64: Trump‚Äôs praise of the vaccine shocked his crowd into  silence; many if not most think it‚Äôs a hoax or a deep state creatio‚Ä¶,,NA
RT @greenfield64: Trump‚Äôs praise of the vaccine shocked his crowd into  silence; many if not most think it‚Äôs a hoax or a deep state creatio‚Ä¶,"Pennsylvania, USA",Pennsylvania
RT @greenfield64: Trump‚Äôs praise of the vaccine shocked his crowd into  silence; many if not most think it‚Äôs a hoax or a deep state creatio‚Ä¶,San Francisco,California
RT @greenfield64: Trump‚Äôs praise of the vaccine shocked his crowd into  silence; many if not most think it‚Äôs a hoax or a deep state creatio‚Ä¶,,NA
RT @greenfield64: Trump‚Äôs praise of the vaccine shocked his crowd into  silence; many if not most think it‚Äôs a hoax or a deep state creatio‚Ä¶,,NA
RT @greenfield64: Trump‚Äôs praise of the vaccine shocked his crowd into  silence; many if not most think it‚Äôs a hoax or a deep state creatio‚Ä¶,"Raleigh, NC",North Carolina
RT @greenfield64: Trump‚Äôs praise of the vaccine shocked his crowd into  silence; many if not most think it‚Äôs a hoax or a deep state creatio‚Ä¶,London,NA
RT @greenfield64: Trump‚Äôs praise of the vaccine shocked his crowd into  silence; many if not most think it‚Äôs a hoax or a deep state creatio‚Ä¶,,NA
RT @greenfield64: Trump‚Äôs praise of the vaccine shocked his crowd into  silence; many if not most think it‚Äôs a hoax or a deep state creatio‚Ä¶,Northern Virginia,North Virginia
RT @greenfield64: Trump‚Äôs praise of the vaccine shocked his crowd into  silence; many if not most think it‚Äôs a hoax or a deep state creatio‚Ä¶,"Fort Frances, Ontario, Canada",NA
RT @greenfield64: Trump‚Äôs praise of the vaccine shocked his crowd into  silence; many if not most think it‚Äôs a hoax or a deep state creatio‚Ä¶,"Myrtle Beach, S.C.",South Carolina
"** NO¬†¬† Mask !!!
** NO¬†¬† Vaccine !!!
** NO¬†¬† Control !!!
**¬† Deep¬† State¬† Out !!!",,NA
RT @greenfield64: Trump‚Äôs praise of the vaccine shocked his crowd into  silence; many if not most think it‚Äôs a hoax or a deep state creatio‚Ä¶,Worcester  MA,Massachusettes
RT @greenfield64: Trump‚Äôs praise of the vaccine shocked his crowd into  silence; many if not most think it‚Äôs a hoax or a deep state creatio‚Ä¶,‚Üí‚àû ‚àß ‚Ñµ‚ÇÅ,NA
Deadly Deep State Vaccine Warfare! Q+ Trump Is Saving Millions of Lives Plus Waking Up Billions More https://t.co/Rr8codnNKm,,NA
"The government is incompetent. We all know that. But if the ""Pakistani state"" too does not understand the fine art‚Ä¶ https://t.co/WnHFyEh11i",,NA
"@ZaidZamanHamid The government is incompetent. We all know that. But if the ""Pakistan state"" too does not understan‚Ä¶ https://t.co/YHLHUfTHKx",,NA
RT @greenfield64: Trump‚Äôs praise of the vaccine shocked his crowd into  silence; many if not most think it‚Äôs a hoax or a deep state creatio‚Ä¶,New York City,New York
RT @greenfield64: Trump‚Äôs praise of the vaccine shocked his crowd into  silence; many if not most think it‚Äôs a hoax or a deep state creatio‚Ä¶,The Good Place,NA
RT @greenfield64: Trump‚Äôs praise of the vaccine shocked his crowd into  silence; many if not most think it‚Äôs a hoax or a deep state creatio‚Ä¶,nyc,New York
RT @greenfield64: Trump‚Äôs praise of the vaccine shocked his crowd into  silence; many if not most think it‚Äôs a hoax or a deep state creatio‚Ä¶,,NA
RT @greenfield64: Trump‚Äôs praise of the vaccine shocked his crowd into  silence; many if not most think it‚Äôs a hoax or a deep state creatio‚Ä¶,,NA
RT @JharkhandCMO: The Govt of Jharkhand is fully focused on utilising it‚Äôs available vaccine doses in the most prudent manner possible ensu‚Ä¶,,NA
RT @greenfield64: Trump‚Äôs praise of the vaccine shocked his crowd into  silence; many if not most think it‚Äôs a hoax or a deep state creatio‚Ä¶,"Berlin, Germany",NA
"@arbitram @MANJULtoons You think vaccine manufacturing is simple ? When the country was in deep trouble, the CEO of‚Ä¶ https://t.co/a6Y8jbXIse",,NA
RT @greenfield64: Trump‚Äôs praise of the vaccine shocked his crowd into  silence; many if not most think it‚Äôs a hoax or a deep state creatio‚Ä¶,"New York, USA",New York
RT @greenfield64: Trump‚Äôs praise of the vaccine shocked his crowd into  silence; many if not most think it‚Äôs a hoax or a deep state creatio‚Ä¶,Minnesota,Minnesota
RT @greenfield64: Trump‚Äôs praise of the vaccine shocked his crowd into  silence; many if not most think it‚Äôs a hoax or a deep state creatio‚Ä¶,"Nashville, TN",Tennessee
RT @greenfield64: Trump‚Äôs praise of the vaccine shocked his crowd into  silence; many if not most think it‚Äôs a hoax or a deep state creatio‚Ä¶,,NA
RT @greenfield64: Trump‚Äôs praise of the vaccine shocked his crowd into  silence; many if not most think it‚Äôs a hoax or a deep state creatio‚Ä¶,"Spokane, WA",Washington
RT @greenfield64: Trump‚Äôs praise of the vaccine shocked his crowd into  silence; many if not most think it‚Äôs a hoax or a deep state creatio‚Ä¶,Boston,Massachusettes
RT @greenfield64: Trump‚Äôs praise of the vaccine shocked his crowd into  silence; many if not most think it‚Äôs a hoax or a deep state creatio‚Ä¶,"Mesa, AZ",Arizona
@CNNSotu @jaketapper Why not support vax mandates?  This is the only way the deep south will reach herd immunity.‚Ä¶ https://t.co/6uO1LfnreR,,NA
RT @greenfield64: Trump‚Äôs praise of the vaccine shocked his crowd into  silence; many if not most think it‚Äôs a hoax or a deep state creatio‚Ä¶,,NA
RT @greenfield64: Trump‚Äôs praise of the vaccine shocked his crowd into  silence; many if not most think it‚Äôs a hoax or a deep state creatio‚Ä¶,Stars @ night  big & bright ,NA
"RT @allenanalysis: Let‚Äôs Talk About It!!!
Should we send kids back to school with no vaccine insight? 
Do you believe that a mask mandate w‚Ä¶",,NA
RT @greenfield64: Trump‚Äôs praise of the vaccine shocked his crowd into  silence; many if not most think it‚Äôs a hoax or a deep state creatio‚Ä¶,North Alabama,Alabama
RT @greenfield64: Trump‚Äôs praise of the vaccine shocked his crowd into  silence; many if not most think it‚Äôs a hoax or a deep state creatio‚Ä¶,,NA
RT @greenfield64: Trump‚Äôs praise of the vaccine shocked his crowd into  silence; many if not most think it‚Äôs a hoax or a deep state creatio‚Ä¶,"Wisconsin, USA",Wisconsin
RT @greenfield64: Trump‚Äôs praise of the vaccine shocked his crowd into  silence; many if not most think it‚Äôs a hoax or a deep state creatio‚Ä¶,Western Hemisphere ,NA
RT @greenfield64: Trump‚Äôs praise of the vaccine shocked his crowd into  silence; many if not most think it‚Äôs a hoax or a deep state creatio‚Ä¶,,NA
RT @greenfield64: Trump‚Äôs praise of the vaccine shocked his crowd into  silence; many if not most think it‚Äôs a hoax or a deep state creatio‚Ä¶,"Calgary, Alberta",NA
RT @greenfield64: Trump‚Äôs praise of the vaccine shocked his crowd into  silence; many if not most think it‚Äôs a hoax or a deep state creatio‚Ä¶,,NA
RT @Bonita_801: I don‚Äôt remember voting üó≥ for Bill Gates! He is not a doctor or a scientist. He is a SORO‚ÄôS deep state puppet. His vaccine‚Ä¶,,NA
RT @greenfield64: Trump‚Äôs praise of the vaccine shocked his crowd into  silence; many if not most think it‚Äôs a hoax or a deep state creatio‚Ä¶,"Cary, NC",North Carolina
RT @greenfield64: Trump‚Äôs praise of the vaccine shocked his crowd into  silence; many if not most think it‚Äôs a hoax or a deep state creatio‚Ä¶,Terra ... finitum,NA
RT @greenfield64: Trump‚Äôs praise of the vaccine shocked his crowd into  silence; many if not most think it‚Äôs a hoax or a deep state creatio‚Ä¶,"Houston, Texas",Texas
RT @greenfield64: Trump‚Äôs praise of the vaccine shocked his crowd into  silence; many if not most think it‚Äôs a hoax or a deep state creatio‚Ä¶,"Georgia, USA",Georgia
RT @greenfield64: Trump‚Äôs praise of the vaccine shocked his crowd into  silence; many if not most think it‚Äôs a hoax or a deep state creatio‚Ä¶,The Mitten State (Michigan),Michigan
RT @greenfield64: Trump‚Äôs praise of the vaccine shocked his crowd into  silence; many if not most think it‚Äôs a hoax or a deep state creatio‚Ä¶,,NA
RT @greenfield64: Trump‚Äôs praise of the vaccine shocked his crowd into  silence; many if not most think it‚Äôs a hoax or a deep state creatio‚Ä¶,"Center Point, IA",Iowa
RT @greenfield64: Trump‚Äôs praise of the vaccine shocked his crowd into  silence; many if not most think it‚Äôs a hoax or a deep state creatio‚Ä¶,"New Jersey, USA",New Jersey
RT @greenfield64: Trump‚Äôs praise of the vaccine shocked his crowd into  silence; many if not most think it‚Äôs a hoax or a deep state creatio‚Ä¶,,NA
RT @greenfield64: Trump‚Äôs praise of the vaccine shocked his crowd into  silence; many if not most think it‚Äôs a hoax or a deep state creatio‚Ä¶,USA,NA
RT @greenfield64: Trump‚Äôs praise of the vaccine shocked his crowd into  silence; many if not most think it‚Äôs a hoax or a deep state creatio‚Ä¶,"Washington, DC",Virginia
RT @greenfield64: Trump‚Äôs praise of the vaccine shocked his crowd into  silence; many if not most think it‚Äôs a hoax or a deep state creatio‚Ä¶,Wisconsin USA,Wisconsin
RT @greenfield64: Trump‚Äôs praise of the vaccine shocked his crowd into  silence; many if not most think it‚Äôs a hoax or a deep state creatio‚Ä¶,NYC üóΩüåÉüöïüçéüçè,New York
RT @greenfield64: Trump‚Äôs praise of the vaccine shocked his crowd into  silence; many if not most think it‚Äôs a hoax or a deep state creatio‚Ä¶,Brazil,NA
RT @greenfield64: Trump‚Äôs praise of the vaccine shocked his crowd into  silence; many if not most think it‚Äôs a hoax or a deep state creatio‚Ä¶,,NA
RT @greenfield64: Trump‚Äôs praise of the vaccine shocked his crowd into  silence; many if not most think it‚Äôs a hoax or a deep state creatio‚Ä¶,USA,NA
RT @greenfield64: Trump‚Äôs praise of the vaccine shocked his crowd into  silence; many if not most think it‚Äôs a hoax or a deep state creatio‚Ä¶,,NA
RT @greenfield64: Trump‚Äôs praise of the vaccine shocked his crowd into  silence; many if not most think it‚Äôs a hoax or a deep state creatio‚Ä¶,"Atlanta, Ga",Georgia
RT @greenfield64: Trump‚Äôs praise of the vaccine shocked his crowd into  silence; many if not most think it‚Äôs a hoax or a deep state creatio‚Ä¶,Beverly Hills,California
RT @greenfield64: Trump‚Äôs praise of the vaccine shocked his crowd into  silence; many if not most think it‚Äôs a hoax or a deep state creatio‚Ä¶,East Coast,NA
RT @greenfield64: Trump‚Äôs praise of the vaccine shocked his crowd into  silence; many if not most think it‚Äôs a hoax or a deep state creatio‚Ä¶,"Charlotte, NC",North Carolina
RT @greenfield64: Trump‚Äôs praise of the vaccine shocked his crowd into  silence; many if not most think it‚Äôs a hoax or a deep state creatio‚Ä¶,76034,NA
RT @greenfield64: Trump‚Äôs praise of the vaccine shocked his crowd into  silence; many if not most think it‚Äôs a hoax or a deep state creatio‚Ä¶,,NA
RT @greenfield64: Trump‚Äôs praise of the vaccine shocked his crowd into  silence; many if not most think it‚Äôs a hoax or a deep state creatio‚Ä¶,,NA
RT @greenfield64: Trump‚Äôs praise of the vaccine shocked his crowd into  silence; many if not most think it‚Äôs a hoax or a deep state creatio‚Ä¶,,NA
RT @greenfield64: Trump‚Äôs praise of the vaccine shocked his crowd into  silence; many if not most think it‚Äôs a hoax or a deep state creatio‚Ä¶,"Cotuit, MA",Massachusettes
RT @greenfield64: Trump‚Äôs praise of the vaccine shocked his crowd into  silence; many if not most think it‚Äôs a hoax or a deep state creatio‚Ä¶,,NA
RT @greenfield64: Trump‚Äôs praise of the vaccine shocked his crowd into  silence; many if not most think it‚Äôs a hoax or a deep state creatio‚Ä¶,,NA
RT @greenfield64: Trump‚Äôs praise of the vaccine shocked his crowd into  silence; many if not most think it‚Äôs a hoax or a deep state creatio‚Ä¶,,NA
RT @greenfield64: Trump‚Äôs praise of the vaccine shocked his crowd into  silence; many if not most think it‚Äôs a hoax or a deep state creatio‚Ä¶,,NA
RT @greenfield64: Trump‚Äôs praise of the vaccine shocked his crowd into  silence; many if not most think it‚Äôs a hoax or a deep state creatio‚Ä¶,,NA
RT @greenfield64: Trump‚Äôs praise of the vaccine shocked his crowd into  silence; many if not most think it‚Äôs a hoax or a deep state creatio‚Ä¶,"Ridgewood, NJ",New Jersey
RT @greenfield64: Trump‚Äôs praise of the vaccine shocked his crowd into  silence; many if not most think it‚Äôs a hoax or a deep state creatio‚Ä¶,,NA
RT @greenfield64: Trump‚Äôs praise of the vaccine shocked his crowd into  silence; many if not most think it‚Äôs a hoax or a deep state creatio‚Ä¶,,NA
RT @greenfield64: Trump‚Äôs praise of the vaccine shocked his crowd into  silence; many if not most think it‚Äôs a hoax or a deep state creatio‚Ä¶,"Pennsylvania, USA",Pennsylvania
RT @greenfield64: Trump‚Äôs praise of the vaccine shocked his crowd into  silence; many if not most think it‚Äôs a hoax or a deep state creatio‚Ä¶,United States,NA
RT @greenfield64: Trump‚Äôs praise of the vaccine shocked his crowd into  silence; many if not most think it‚Äôs a hoax or a deep state creatio‚Ä¶,"New York, NY",New York
RT @greenfield64: Trump‚Äôs praise of the vaccine shocked his crowd into  silence; many if not most think it‚Äôs a hoax or a deep state creatio‚Ä¶,,NA
RT @greenfield64: Trump‚Äôs praise of the vaccine shocked his crowd into  silence; many if not most think it‚Äôs a hoax or a deep state creatio‚Ä¶,"South Asia, Europe, Mideast",NA
RT @greenfield64: Trump‚Äôs praise of the vaccine shocked his crowd into  silence; many if not most think it‚Äôs a hoax or a deep state creatio‚Ä¶,"Chicago, IL",Illinois
RT @greenfield64: Trump‚Äôs praise of the vaccine shocked his crowd into  silence; many if not most think it‚Äôs a hoax or a deep state creatio‚Ä¶,Terra Firma,NA
RT @greenfield64: Trump‚Äôs praise of the vaccine shocked his crowd into  silence; many if not most think it‚Äôs a hoax or a deep state creatio‚Ä¶,"California, USA",California
RT @greenfield64: Trump‚Äôs praise of the vaccine shocked his crowd into  silence; many if not most think it‚Äôs a hoax or a deep state creatio‚Ä¶,"Philadelphia, PA, USA",Pennsylvania
RT @greenfield64: Trump‚Äôs praise of the vaccine shocked his crowd into  silence; many if not most think it‚Äôs a hoax or a deep state creatio‚Ä¶,SE Pennsylvania,Pennsylvania
RT @greenfield64: Trump‚Äôs praise of the vaccine shocked his crowd into  silence; many if not most think it‚Äôs a hoax or a deep state creatio‚Ä¶,"Austin, NYC, Singapore",Texas
RT @greenfield64: Trump‚Äôs praise of the vaccine shocked his crowd into  silence; many if not most think it‚Äôs a hoax or a deep state creatio‚Ä¶,Illinois,Illinois
RT @greenfield64: Trump‚Äôs praise of the vaccine shocked his crowd into  silence; many if not most think it‚Äôs a hoax or a deep state creatio‚Ä¶,,NA
RT @greenfield64: Trump‚Äôs praise of the vaccine shocked his crowd into  silence; many if not most think it‚Äôs a hoax or a deep state creatio‚Ä¶,"Chapel Hill, NC",North Carolina
RT @greenfield64: Trump‚Äôs praise of the vaccine shocked his crowd into  silence; many if not most think it‚Äôs a hoax or a deep state creatio‚Ä¶,,NA
RT @greenfield64: Trump‚Äôs praise of the vaccine shocked his crowd into  silence; many if not most think it‚Äôs a hoax or a deep state creatio‚Ä¶,United Kingdom,NA
RT @greenfield64: Trump‚Äôs praise of the vaccine shocked his crowd into  silence; many if not most think it‚Äôs a hoax or a deep state creatio‚Ä¶,"Delaware, USA",Delaware
RT @greenfield64: Trump‚Äôs praise of the vaccine shocked his crowd into  silence; many if not most think it‚Äôs a hoax or a deep state creatio‚Ä¶,Los Angeles,California
RT @greenfield64: Trump‚Äôs praise of the vaccine shocked his crowd into  silence; many if not most think it‚Äôs a hoax or a deep state creatio‚Ä¶,,NA
RT @greenfield64: Trump‚Äôs praise of the vaccine shocked his crowd into  silence; many if not most think it‚Äôs a hoax or a deep state creatio‚Ä¶,,NA
RT @greenfield64: Trump‚Äôs praise of the vaccine shocked his crowd into  silence; many if not most think it‚Äôs a hoax or a deep state creatio‚Ä¶,"Kuhmpawapi, Thailand",NA
RT @greenfield64: Trump‚Äôs praise of the vaccine shocked his crowd into  silence; many if not most think it‚Äôs a hoax or a deep state creatio‚Ä¶,Dallas ‚û°Ô∏è Chicago,Illinois
RT @greenfield64: Trump‚Äôs praise of the vaccine shocked his crowd into  silence; many if not most think it‚Äôs a hoax or a deep state creatio‚Ä¶,United States,NA
RT @greenfield64: Trump‚Äôs praise of the vaccine shocked his crowd into  silence; many if not most think it‚Äôs a hoax or a deep state creatio‚Ä¶,"San Francisco, CA",California
RT @greenfield64: Trump‚Äôs praise of the vaccine shocked his crowd into  silence; many if not most think it‚Äôs a hoax or a deep state creatio‚Ä¶,,NA
RT @greenfield64: Trump‚Äôs praise of the vaccine shocked his crowd into  silence; many if not most think it‚Äôs a hoax or a deep state creatio‚Ä¶,"New York, USA",New York
RT @greenfield64: Trump‚Äôs praise of the vaccine shocked his crowd into  silence; many if not most think it‚Äôs a hoax or a deep state creatio‚Ä¶,"South Carolina, USA",South Carolina
RT @greenfield64: Trump‚Äôs praise of the vaccine shocked his crowd into  silence; many if not most think it‚Äôs a hoax or a deep state creatio‚Ä¶,"London, England",NA
RT @greenfield64: Trump‚Äôs praise of the vaccine shocked his crowd into  silence; many if not most think it‚Äôs a hoax or a deep state creatio‚Ä¶,,NA
RT @greenfield64: Trump‚Äôs praise of the vaccine shocked his crowd into  silence; many if not most think it‚Äôs a hoax or a deep state creatio‚Ä¶,"Reus, Tarragonna, Spain",NA
RT @greenfield64: Trump‚Äôs praise of the vaccine shocked his crowd into  silence; many if not most think it‚Äôs a hoax or a deep state creatio‚Ä¶,USA,NA
RT @greenfield64: Trump‚Äôs praise of the vaccine shocked his crowd into  silence; many if not most think it‚Äôs a hoax or a deep state creatio‚Ä¶,Bay Area CA ,California
RT @greenfield64: Trump‚Äôs praise of the vaccine shocked his crowd into  silence; many if not most think it‚Äôs a hoax or a deep state creatio‚Ä¶,"Dartmouth, NS  Canada",NA
RT @greenfield64: Trump‚Äôs praise of the vaccine shocked his crowd into  silence; many if not most think it‚Äôs a hoax or a deep state creatio‚Ä¶,United States,NA
RT @greenfield64: Trump‚Äôs praise of the vaccine shocked his crowd into  silence; many if not most think it‚Äôs a hoax or a deep state creatio‚Ä¶,New Jersey,New Jersey
RT @greenfield64: Trump‚Äôs praise of the vaccine shocked his crowd into  silence; many if not most think it‚Äôs a hoax or a deep state creatio‚Ä¶,"Stockholm, Sweden",NA
RT @greenfield64: Trump‚Äôs praise of the vaccine shocked his crowd into  silence; many if not most think it‚Äôs a hoax or a deep state creatio‚Ä¶,Los Angeles,California
RT @greenfield64: Trump‚Äôs praise of the vaccine shocked his crowd into  silence; many if not most think it‚Äôs a hoax or a deep state creatio‚Ä¶,"Honolulu, HI",NA
RT @greenfield64: Trump‚Äôs praise of the vaccine shocked his crowd into  silence; many if not most think it‚Äôs a hoax or a deep state creatio‚Ä¶,"Des Moines, Iowa ",Iowa
RT @greenfield64: Trump‚Äôs praise of the vaccine shocked his crowd into  silence; many if not most think it‚Äôs a hoax or a deep state creatio‚Ä¶,,NA
RT @greenfield64: Trump‚Äôs praise of the vaccine shocked his crowd into  silence; many if not most think it‚Äôs a hoax or a deep state creatio‚Ä¶,near Texas Motor Speedway-TX,Texas
RT @greenfield64: Trump‚Äôs praise of the vaccine shocked his crowd into  silence; many if not most think it‚Äôs a hoax or a deep state creatio‚Ä¶,,NA
RT @greenfield64: Trump‚Äôs praise of the vaccine shocked his crowd into  silence; many if not most think it‚Äôs a hoax or a deep state creatio‚Ä¶,,NA
RT @greenfield64: Trump‚Äôs praise of the vaccine shocked his crowd into  silence; many if not most think it‚Äôs a hoax or a deep state creatio‚Ä¶,,NA
RT @greenfield64: Trump‚Äôs praise of the vaccine shocked his crowd into  silence; many if not most think it‚Äôs a hoax or a deep state creatio‚Ä¶,"Everett, WA",Washington
@ABC So far over 5000 deaths from the covid 19 vaccine according to CDC website. Who can trust to the deep state an‚Ä¶ https://t.co/T5PHyRvolb,,NA
RT @greenfield64: Trump‚Äôs praise of the vaccine shocked his crowd into  silence; many if not most think it‚Äôs a hoax or a deep state creatio‚Ä¶,,NA
RT @greenfield64: Trump‚Äôs praise of the vaccine shocked his crowd into  silence; many if not most think it‚Äôs a hoax or a deep state creatio‚Ä¶,,NA
RT @greenfield64: Trump‚Äôs praise of the vaccine shocked his crowd into  silence; many if not most think it‚Äôs a hoax or a deep state creatio‚Ä¶,#PencilFacts,NA
RT @greenfield64: Trump‚Äôs praise of the vaccine shocked his crowd into  silence; many if not most think it‚Äôs a hoax or a deep state creatio‚Ä¶,"Boise, ID, USA",Idaho
RT @greenfield64: Trump‚Äôs praise of the vaccine shocked his crowd into  silence; many if not most think it‚Äôs a hoax or a deep state creatio‚Ä¶,,NA
RT @greenfield64: Trump‚Äôs praise of the vaccine shocked his crowd into  silence; many if not most think it‚Äôs a hoax or a deep state creatio‚Ä¶,"Toronto, Ontario",NA
RT @greenfield64: Trump‚Äôs praise of the vaccine shocked his crowd into  silence; many if not most think it‚Äôs a hoax or a deep state creatio‚Ä¶,,NA
"RT @NeetuGarg6: Delhi citizens - If U have voted to @ArvindKejriwal for free Bijli, Pani &amp; Mohalla Clinic. Why moving to UP 4 vaccination?‚Ä¶",New Delhi,NA
RT @greenfield64: Trump‚Äôs praise of the vaccine shocked his crowd into  silence; many if not most think it‚Äôs a hoax or a deep state creatio‚Ä¶,At Home ,NA
RT @greenfield64: Trump‚Äôs praise of the vaccine shocked his crowd into  silence; many if not most think it‚Äôs a hoax or a deep state creatio‚Ä¶,"Hellscape, USA",NA
RT @greenfield64: Trump‚Äôs praise of the vaccine shocked his crowd into  silence; many if not most think it‚Äôs a hoax or a deep state creatio‚Ä¶,,NA
RT @greenfield64: Trump‚Äôs praise of the vaccine shocked his crowd into  silence; many if not most think it‚Äôs a hoax or a deep state creatio‚Ä¶,,NA
RT @greenfield64: Trump‚Äôs praise of the vaccine shocked his crowd into  silence; many if not most think it‚Äôs a hoax or a deep state creatio‚Ä¶,"Seattle, Washington, USA",Washington
RT @greenfield64: Trump‚Äôs praise of the vaccine shocked his crowd into  silence; many if not most think it‚Äôs a hoax or a deep state creatio‚Ä¶,"Phoenix, AZ",Arizona
RT @greenfield64: Trump‚Äôs praise of the vaccine shocked his crowd into  silence; many if not most think it‚Äôs a hoax or a deep state creatio‚Ä¶,,NA
RT @greenfield64: Trump‚Äôs praise of the vaccine shocked his crowd into  silence; many if not most think it‚Äôs a hoax or a deep state creatio‚Ä¶,,NA
RT @greenfield64: Trump‚Äôs praise of the vaccine shocked his crowd into  silence; many if not most think it‚Äôs a hoax or a deep state creatio‚Ä¶,Seattle,Washington
RT @greenfield64: Trump‚Äôs praise of the vaccine shocked his crowd into  silence; many if not most think it‚Äôs a hoax or a deep state creatio‚Ä¶,"Pennsburg, PA",Pennsylvania
RT @greenfield64: Trump‚Äôs praise of the vaccine shocked his crowd into  silence; many if not most think it‚Äôs a hoax or a deep state creatio‚Ä¶,"Edmond, OK",Oklahoma
RT @greenfield64: Trump‚Äôs praise of the vaccine shocked his crowd into  silence; many if not most think it‚Äôs a hoax or a deep state creatio‚Ä¶,,NA
RT @greenfield64: Trump‚Äôs praise of the vaccine shocked his crowd into  silence; many if not most think it‚Äôs a hoax or a deep state creatio‚Ä¶,"Callaway, VA",Virginia
RT @greenfield64: Trump‚Äôs praise of the vaccine shocked his crowd into  silence; many if not most think it‚Äôs a hoax or a deep state creatio‚Ä¶,"Beaverton, OR",Oregon
RT @greenfield64: Trump‚Äôs praise of the vaccine shocked his crowd into  silence; many if not most think it‚Äôs a hoax or a deep state creatio‚Ä¶,"Shelton, WA",Washington
RT @greenfield64: Trump‚Äôs praise of the vaccine shocked his crowd into  silence; many if not most think it‚Äôs a hoax or a deep state creatio‚Ä¶,Arizona,Arizona
RT @greenfield64: Trump‚Äôs praise of the vaccine shocked his crowd into  silence; many if not most think it‚Äôs a hoax or a deep state creatio‚Ä¶,Australia,Australia
RT @greenfield64: Trump‚Äôs praise of the vaccine shocked his crowd into  silence; many if not most think it‚Äôs a hoax or a deep state creatio‚Ä¶,Minneapolis,Minnesota
RT @greenfield64: Trump‚Äôs praise of the vaccine shocked his crowd into  silence; many if not most think it‚Äôs a hoax or a deep state creatio‚Ä¶,"""Amateurs Advertise"" - TMR",Texas
RT @greenfield64: Trump‚Äôs praise of the vaccine shocked his crowd into  silence; many if not most think it‚Äôs a hoax or a deep state creatio‚Ä¶,,NA
RT @greenfield64: Trump‚Äôs praise of the vaccine shocked his crowd into  silence; many if not most think it‚Äôs a hoax or a deep state creatio‚Ä¶,"Alexandria, VA",Virginia
RT @greenfield64: Trump‚Äôs praise of the vaccine shocked his crowd into  silence; many if not most think it‚Äôs a hoax or a deep state creatio‚Ä¶,Los Angeles,California
RT @greenfield64: Trump‚Äôs praise of the vaccine shocked his crowd into  silence; many if not most think it‚Äôs a hoax or a deep state creatio‚Ä¶,,NA
RT @greenfield64: Trump‚Äôs praise of the vaccine shocked his crowd into  silence; many if not most think it‚Äôs a hoax or a deep state creatio‚Ä¶,,NA
RT @greenfield64: Trump‚Äôs praise of the vaccine shocked his crowd into  silence; many if not most think it‚Äôs a hoax or a deep state creatio‚Ä¶,"St. Simons Island, Ga. ",NA
RT @greenfield64: Trump‚Äôs praise of the vaccine shocked his crowd into  silence; many if not most think it‚Äôs a hoax or a deep state creatio‚Ä¶,,NA
RT @greenfield64: Trump‚Äôs praise of the vaccine shocked his crowd into  silence; many if not most think it‚Äôs a hoax or a deep state creatio‚Ä¶,"Nashville, NC",North Carolina
RT @greenfield64: Trump‚Äôs praise of the vaccine shocked his crowd into  silence; many if not most think it‚Äôs a hoax or a deep state creatio‚Ä¶,India,NA
RT @greenfield64: Trump‚Äôs praise of the vaccine shocked his crowd into  silence; many if not most think it‚Äôs a hoax or a deep state creatio‚Ä¶,"Spokane, WA",Washington
"I mean ....
MAGA: Why aren't you giving him credit for the vaccine!
Also MAGA: no way we're taking that Bill Gates‚Ä¶ https://t.co/qMZe5MNFTe",Chicago,Illinois
RT @greenfield64: Trump‚Äôs praise of the vaccine shocked his crowd into  silence; many if not most think it‚Äôs a hoax or a deep state creatio‚Ä¶,"√úT: 43.648055,-79.379878",NA
RT @greenfield64: Trump‚Äôs praise of the vaccine shocked his crowd into  silence; many if not most think it‚Äôs a hoax or a deep state creatio‚Ä¶,,NA
"RT @cscnme: Chunky Cheezus is talking vaccine at the NCGOP convention in North Carolina.

His pushing the vax has alienated a huge swath of‚Ä¶","Michigan, USA",Michigam
RT @greenfield64: Trump‚Äôs praise of the vaccine shocked his crowd into  silence; many if not most think it‚Äôs a hoax or a deep state creatio‚Ä¶,"Boise, ID",Idaho
RT @greenfield64: Trump‚Äôs praise of the vaccine shocked his crowd into  silence; many if not most think it‚Äôs a hoax or a deep state creatio‚Ä¶,Massachusetts,Massachusettes
RT @greenfield64: Trump‚Äôs praise of the vaccine shocked his crowd into  silence; many if not most think it‚Äôs a hoax or a deep state creatio‚Ä¶,Cleveland,Ohio
"RT @cscnme: Chunky Cheezus is talking vaccine at the NCGOP convention in North Carolina.

His pushing the vax has alienated a huge swath of‚Ä¶",,NA
RT @greenfield64: Trump‚Äôs praise of the vaccine shocked his crowd into  silence; many if not most think it‚Äôs a hoax or a deep state creatio‚Ä¶,,NA
RT @greenfield64: Trump‚Äôs praise of the vaccine shocked his crowd into  silence; many if not most think it‚Äôs a hoax or a deep state creatio‚Ä¶,,NA
RT @greenfield64: Trump‚Äôs praise of the vaccine shocked his crowd into  silence; many if not most think it‚Äôs a hoax or a deep state creatio‚Ä¶,,NA
RT @greenfield64: Trump‚Äôs praise of the vaccine shocked his crowd into  silence; many if not most think it‚Äôs a hoax or a deep state creatio‚Ä¶,Pacific Northwest,Washington
RT @greenfield64: Trump‚Äôs praise of the vaccine shocked his crowd into  silence; many if not most think it‚Äôs a hoax or a deep state creatio‚Ä¶,"California, USA",California
RT @greenfield64: Trump‚Äôs praise of the vaccine shocked his crowd into  silence; many if not most think it‚Äôs a hoax or a deep state creatio‚Ä¶,,NA
RT @greenfield64: Trump‚Äôs praise of the vaccine shocked his crowd into  silence; many if not most think it‚Äôs a hoax or a deep state creatio‚Ä¶,Twitter Gulch,NA
RT @greenfield64: Trump‚Äôs praise of the vaccine shocked his crowd into  silence; many if not most think it‚Äôs a hoax or a deep state creatio‚Ä¶,"Newcastle, Australia",NA
RT @greenfield64: Trump‚Äôs praise of the vaccine shocked his crowd into  silence; many if not most think it‚Äôs a hoax or a deep state creatio‚Ä¶,Left of Center,NA
RT @greenfield64: Trump‚Äôs praise of the vaccine shocked his crowd into  silence; many if not most think it‚Äôs a hoax or a deep state creatio‚Ä¶,"Perth, Western Australia",NA
RT @greenfield64: Trump‚Äôs praise of the vaccine shocked his crowd into  silence; many if not most think it‚Äôs a hoax or a deep state creatio‚Ä¶,,NA
RT @greenfield64: Trump‚Äôs praise of the vaccine shocked his crowd into  silence; many if not most think it‚Äôs a hoax or a deep state creatio‚Ä¶,"New York, NY",New York
RT @greenfield64: Trump‚Äôs praise of the vaccine shocked his crowd into  silence; many if not most think it‚Äôs a hoax or a deep state creatio‚Ä¶,Metro Manila,NA
RT @greenfield64: Trump‚Äôs praise of the vaccine shocked his crowd into  silence; many if not most think it‚Äôs a hoax or a deep state creatio‚Ä¶,"Washington, DC",Virginia
RT @greenfield64: Trump‚Äôs praise of the vaccine shocked his crowd into  silence; many if not most think it‚Äôs a hoax or a deep state creatio‚Ä¶,,NA
RT @greenfield64: Trump‚Äôs praise of the vaccine shocked his crowd into  silence; many if not most think it‚Äôs a hoax or a deep state creatio‚Ä¶,New Orleans,Louisiana
RT @greenfield64: Trump‚Äôs praise of the vaccine shocked his crowd into  silence; many if not most think it‚Äôs a hoax or a deep state creatio‚Ä¶,"Chicago, IL",Illinois
RT @greenfield64: Trump‚Äôs praise of the vaccine shocked his crowd into  silence; many if not most think it‚Äôs a hoax or a deep state creatio‚Ä¶,"Richmond, Virginia",Virginia
RT @greenfield64: Trump‚Äôs praise of the vaccine shocked his crowd into  silence; many if not most think it‚Äôs a hoax or a deep state creatio‚Ä¶,PKA,NA
RT @greenfield64: Trump‚Äôs praise of the vaccine shocked his crowd into  silence; many if not most think it‚Äôs a hoax or a deep state creatio‚Ä¶,,NA
RT @greenfield64: Trump‚Äôs praise of the vaccine shocked his crowd into  silence; many if not most think it‚Äôs a hoax or a deep state creatio‚Ä¶,"Tampa, Florida",Florida
RT @greenfield64: Trump‚Äôs praise of the vaccine shocked his crowd into  silence; many if not most think it‚Äôs a hoax or a deep state creatio‚Ä¶,Atlanta,Georgia
RT @greenfield64: Trump‚Äôs praise of the vaccine shocked his crowd into  silence; many if not most think it‚Äôs a hoax or a deep state creatio‚Ä¶,"Newtown, CT",Connecticut
Trump‚Äôs praise of the vaccine shocked his crowd into  silence; many if not most think it‚Äôs a hoax or a deep state c‚Ä¶ https://t.co/VzgrUSAAov,,NA
"RT @cscnme: Chunky Cheezus is talking vaccine at the NCGOP convention in North Carolina.

His pushing the vax has alienated a huge swath of‚Ä¶",,NA
"Chunky Cheezus is talking vaccine at the NCGOP convention in North Carolina.

His pushing the vax has alienated a h‚Ä¶ https://t.co/6ekxjOdcuo","South Carolina, USA",South Carolina
"RT @ThashukiMendis: Recap from last 3 days
-Accepting donations from Australia 
-Sworn in as State Minister of Digital technology &amp; entrepr‚Ä¶",Copenhagen  üá©üá∞,NA
"Voter Fraud, Deep State Exposed, Alien Invasion, Vaccine Shedding, Elevating Your Frequency &amp; More! https://t.co/TIGsRuPVb6","Vancouver, British Columbia",NA
@patriottakes They'll probably make up something about the Trumpster secretly switching the Poisonous Vaccine (by t‚Ä¶ https://t.co/VgLq2dgyDA,Westfalen-Lippe,NA
"@patriottakes With the Real Vaccine, of course.

They're trying to make up an excuse that would allow them to get v‚Ä¶ https://t.co/cupi6zJFKi",Westfalen-Lippe,NA
"RT @tom_beshere: @davidfrum And the vaccine is both:

(a) A medical miracle created wholly by the vision and genius of our President Eterna‚Ä¶",,NA
@bwsmith100 @PeculiarBaptist Needed expedited vaccine production! Rooting out the Deep State was more complicated t‚Ä¶ https://t.co/Vx7lnKtuPb,"California, USA",California
"Voter Fraud, Deep State Exposed, Alien Invasion, Vaccine Shedding, Elevating Your Frequency &amp; More! https://t.co/pgSotjVg47","Smyrna, DE",Delaware
"RT @HaileyPatriot: @baseball41519 @BJSee I recently figured it out. If Trump had not expedited it, the vaccine would not be considered expe‚Ä¶",,NA
"@FreeCanada21 @baseball41519 @BJSee Trump didn't make the ""vax"", he was depending on the drug companies to get it r‚Ä¶ https://t.co/UQrAcr7pCF",,NA
"RT @HaileyPatriot: @baseball41519 @BJSee I recently figured it out. If Trump had not expedited it, the vaccine would not be considered expe‚Ä¶",,NA
Deep State Planning False Flag Attack in Order to Blame ‚ÄúAnti-vaxxers‚Äù and Gun Owners: 'Phase 4: Criminalize vaccin‚Ä¶ https://t.co/2FnjTkx5m0,"Henly, TX",Texas
"RT @tom_beshere: @davidfrum And the vaccine is both:

(a) A medical miracle created wholly by the vision and genius of our President Eterna‚Ä¶",,NA
@annamalai_k Punjab is exposed as it is caught. The speed at which paid vaccine is growing in every state while pub‚Ä¶ https://t.co/kcGMiAunq6,"Mumbai, India",NA
"@davidfrum And the vaccine is both:

(a) A medical miracle created wholly by the vision and genius of our President‚Ä¶ https://t.co/Pt2rZXiIsz",,NA
"RT @HaileyPatriot: @baseball41519 @BJSee I recently figured it out. If Trump had not expedited it, the vaccine would not be considered expe‚Ä¶","Minnesota, USA",Minnesota
"@sphere21x ""Voter fraud, Deep State exposed, Alien Invasion, Vaccine Shedding, Elevating your frequency and more...‚Ä¶ https://t.co/t6f14ahkFQ",West Norfolk,NA
@Natasha_KC1 If there was a vaccine to make you immune to ‚Äúdeep state‚Äù would anti vaxxers take it?,,NA
"RT @dandy_iv: The Covid Deep State: Threats, Vaccine Injuries and Deaths Abound No Compensation - No Justice - Gl... https://t.co/g2IEaKNzB‚Ä¶",United Kingdom,NA
"The Covid Deep State: Threats, Vaccine Injuries and Deaths Abound No Compensation - No Justice - Gl... https://t.co/g2IEaKNzBe @Jen70717630",Nemesis Nibiru üôèüêà‚ú®,NA
"In that matter first your party leader should dive deep into that Chullu Bhar Pani, then those congress ruled state‚Ä¶ https://t.co/tFCh0PdtU8",New Delhi,NA
"@BeverlyWendlin1 @DonaldJTrumpJr Because the pharma's were ALREADY working with DEEP STATE professionals, in every‚Ä¶ https://t.co/S33qU80wGR",,NA
"RT @micahvalerio: conspiracy theorists saying the vaccine is a deep state ploy to chip or infect the population, but. why?. to what end?...‚Ä¶","Schaumburg, IL",Illinois
@yes_we_cat @OlivesStones @LollllllaJR @whywouldyou_uk @garybkatz @Mooke53950109 @Buckeye_ricky @m4bj4v1d‚Ä¶ https://t.co/zxmouHPa7x,Cylons Coffee,NA
"Charlie Ward: Voter Fraud, Deep State Exposed, Alien Invasion, Vaccine Shedding, Elevating Your Frequency &amp; More! -‚Ä¶ https://t.co/lIGbafxS7T",,NA
RT @washingtonpost: Royal Caribbean just announced a flood of summer cruises. Vaccinations are optional. https://t.co/KKnQNgyP4l,Dreaming of Prague,NA
"conspiracy theorists saying the vaccine is a deep state ploy to chip or infect the population, but. why?. to what e‚Ä¶ https://t.co/9TLcNiufbY",".memphis bred, beach dwellin.",NA
https://t.co/7pYh9xYj1G,"Denver, CO",Colorado
RT @TrentCapelli: The GOP cares more about stopping people from being shot with the vaccine than stopping people from being shot by a gun.,"Washington, DC",Virginia
RT @TravisAllen02: There‚Äôs someone out there who drank bleach but refuses to get the vaccine,"Washington, DC",Virginia
"RT @kurteichenwald: This morning, my MD wife worked at a major vaccine center in Dallas. Whole place was staffed, ready to vaccinate. No on‚Ä¶","Washington, DC",Virginia
"No, I am pissed off. Let our doses go to Canada, Mexico and Asian countries. They are begging for the doses. We sho‚Ä¶ https://t.co/E0QFQJjz42",,NA
"The Covid Deep State: Threats, Vaccine Injuries and Deaths Abound No Compensation. No¬†Justice https://t.co/xiMi93Mv0Y","Ontario, Canada",NA
"It‚Äôs not real.
It‚Äôs no worse than the flu.
It‚Äôs a hoax.
It‚Äôs not a hoax, but hydroxychloroquine is a cure.
It‚Äôs a h‚Ä¶ https://t.co/j0p6v48wiU","Hays, KS",Kansas
"@rhughe_robin @serena_patriot Okay, Qanon bingo time. We have Fauci, deep state, sheep and indoctrination. Mind tos‚Ä¶ https://t.co/Uif0STR8UY",,NA
"@baseball41519 @BJSee I recently figured it out. If Trump had not expedited it, the vaccine would not be considered‚Ä¶ https://t.co/dBYGarnqQy","Houston, TX",Texas
@fordnation ALS isn‚Äôt real! It‚Äôs an invention of the deep state so they can 666 you with the vaccine!,Canada,NA
"Anyone know where the Deep State meeting is? Went to all the Covid-20 vaccination sites (for the ‚Äúreal‚Äù vaccine), b‚Ä¶ https://t.co/QQeXBlErgg",purrrrrgatory,NA
@sanjoyr03 Congressi do you need another zero in another state for BS? Punjab could become another state to give Co‚Ä¶ https://t.co/qo7COQCqTB,"Agra, India",NA
https://t.co/aswyW6WDvr,,NA
"Voter Fraud, Deep State Exposed, Alien Invasion, Vaccine Shedding, Elevating Your Frequency &amp; More! https://t.co/EDxZGssq1o",France,NA
@BenDove50627190 @jaymek47 @JasonMillerinDC Why can‚Äôt you blame the deep state that‚Äôs responsible?    So short sigh‚Ä¶ https://t.co/7caa334Ztp,,NA
"RT @vijayanpinarayi: Even though Central Govt. is withdrawing from its basic responsibilities, State Govt. will ensure the health of its ci‚Ä¶","Kolkata, India",NA
"Voter Fraud, Deep State Exposed, Alien Invasion, Vaccine Shedding, Elevating Your Frequency &amp; More! https://t.co/GFSip72JSQ",,NA
"RT @MyGovNagaland: Thank you @UNICEF for donating 600 vaccine carriers, 2 Ice-lined refrigerators and 3 deep freezers to strengthen vaccina‚Ä¶",,NA
"RT @HealthNagaland: UNICEF donated 600 vaccine carriers, 2 Ice-lined refrigerators &amp; 3 deep freezers to strengthen vaccination programme.Th‚Ä¶",,NA
"RT @HealthNagaland: UNICEF donated 600 vaccine carriers, 2 Ice-lined refrigerators &amp; 3 deep freezers to strengthen vaccination programme.Th‚Ä¶",,NA
"RT @HealthNagaland: UNICEF donated 600 vaccine carriers, 2 Ice-lined refrigerators &amp; 3 deep freezers to strengthen vaccination programme.Th‚Ä¶",Mumbai,NA
RT @dapmalaysia: Such low vaccine registration in Sabah could cause it to be the last state in Malaysia to achieve herd immunity -&gt; Last st‚Ä¶,Malaysia,NA
The Big Pharma Deep State controls Congress. The UFO report due this month should disclose some the concealed extra‚Ä¶ https://t.co/mcybigA04g,,NA
"Voter Fraud, Deep State Exposed, Alien Invasion, Vaccine Shedding, Elevating Your Frequency &amp; More! https://t.co/daxqvOwBE0",Durban South Africa,NA
RT @dapmalaysia: Such low vaccine registration in Sabah could cause it to be the last state in Malaysia to achieve herd immunity -&gt; Last st‚Ä¶,,NA
Such low vaccine registration in Sabah could cause it to be the last state in Malaysia to achieve herd immunity -&gt;‚Ä¶ https://t.co/7OIfVCpLxe,Malaysia,NA
"RT @mvmeet: Punjab Govt is selling Covaxin procured under state quota to private hospitals at higher prices

Govt will get vaccine at Rs 40‚Ä¶",bharat ,NA
"VOTER FRAUD, DEEP STATE EXPOSED, ALIEN INVASION, VACCINE SHEDDING, ELEVATING YOUR FREQUENCY &amp; MORE! https://t.co/rKqxwzm0fQ via @BitChute",,NA
"RT @HealthNagaland: UNICEF donated 600 vaccine carriers, 2 Ice-lined refrigerators &amp; 3 deep freezers to strengthen vaccination programme.Th‚Ä¶",Nagaland,NA
"you can guess that no good is coming from this ... 

I think teh vaccine is all about the Deep State controlling the people",Western NY,NA
"RT @PokerPolitics: Trump, who were told for years could destroy the Deep State by issuing DECLAS is now helpless and had his hands tied by‚Ä¶",Soviet Floridaüá∑üá∫,Florida
"RT @PokerPolitics: Trump, who were told for years could destroy the Deep State by issuing DECLAS is now helpless and had his hands tied by‚Ä¶",United States,NA
"@FierceDinosaur Qanon does not promote the vaccine, ? What does this connection mean? Why why do you cancel culture‚Ä¶ https://t.co/Qtge3mdteG","Sydney, New South Wales",NA
"RT @MyGovNagaland: Thank you @UNICEF for donating 600 vaccine carriers, 2 Ice-lined refrigerators and 3 deep freezers to strengthen vaccina‚Ä¶",,NA
"RT @MyGovNagaland: Thank you @UNICEF for donating 600 vaccine carriers, 2 Ice-lined refrigerators and 3 deep freezers to strengthen vaccina‚Ä¶",India,NA
"RT @MyGovNagaland: Thank you @UNICEF for donating 600 vaccine carriers, 2 Ice-lined refrigerators and 3 deep freezers to strengthen vaccina‚Ä¶","New Delhi, India",NA
RT @davematt88: I heard some defendants in drug court today talking about how they weren't going to take the vaccine because it wasn't test‚Ä¶,"Washington, DC",Virginia
"RT @MyGovNagaland: Thank you @UNICEF for donating 600 vaccine carriers, 2 Ice-lined refrigerators and 3 deep freezers to strengthen vaccina‚Ä¶",,NA
"Trump, who were told for years could destroy the Deep State by issuing DECLAS is now helpless and had his hands tie‚Ä¶ https://t.co/BKmRFqet2g","Deceptive Occult Hellhole, USA",NA
"RT @JakeLobin: Here we go again....

The same people who praise Operation Warp Speed, also refuse to take the vaccine.

Got it ü§ó","Washington, DC",Virginia
RT @1st5d: The same people claiming Trump foiled the deep state's plans to subjugate the masses &amp; crash the economy by swifty producing a v‚Ä¶,"Juno, NC",North Carolina
"Voter Fraud, Deep State Exposed, Alien Invasion, Vaccine Shedding, Elevating Your Frequency &amp; More! https://t.co/EroL3r767y",CA,California
"It is quickly becoming difficult to defend Trump's stance on the vaccine.

Why did he speed it up so rapidly and su‚Ä¶ https://t.co/SnFhbAqjdv",,NA
"RT @MyGovNagaland: Thank you @UNICEF for donating 600 vaccine carriers, 2 Ice-lined refrigerators and 3 deep freezers to strengthen vaccina‚Ä¶","Assam, India ",NA
"The Deep State has a sinister agenda.  COVID was created to initiate vaccine passports, tank our economy, steal our‚Ä¶ https://t.co/0qMaeXMcWg",,NA
"** NO¬†¬† Mask !!!
** NO¬†¬† Vaccine !!!
** NO¬†¬† Control !!!
**¬† Deep¬† State¬† Out !!!",,NA
"@laurenboebert The Gates / Deep State Intel ran the pandemic&amp;are still running it

With the levels of media conform‚Ä¶ https://t.co/OmaPlJ3lbr",The World,NA
"@seanhannity Deep State failed in the vaccine sales. 

Deep State is really angry at:
- Gates
- Fauci
- Biden

Deep‚Ä¶ https://t.co/S9ZiFab8uF",Global,NA
@TruthOls @OhioNooo @efpkm @seanrm92 @AnneMarieBxNY @washingtonpost Its just funny. Every righty has a wildly diffe‚Ä¶ https://t.co/Kz4BaTRuyx,,NA
@corbsalleys He's prone to hyperbole. Millions agree that the vaccine is safe and millions have taken it (I don't a‚Ä¶ https://t.co/LGUSqZRxMm,,NA
@Geekusmaximus73 @Z_AKDC9 @ic_lib @JBMatthews @WalshFreedom Lol. Republicans: praise trump for his excellent work g‚Ä¶ https://t.co/sarxcz09rW,Seattle,Washington
Deadly Deep State Vaccine Warfare! Q+ Trump Is Saving Millions of Lives Plus Waking Up Billions More https://t.co/x6F4TthSB8,,NA
RT @1st5d: The same people claiming Trump foiled the deep state's plans to subjugate the masses &amp; crash the economy by swifty producing a v‚Ä¶,prison planet Earth,NA
"@thomaskaine5 I'm fully vaxxed, but my kids aren't and won't be for some months. I live in a deep red state surroun‚Ä¶ https://t.co/ZNzlhZHpr1",,NA
The same people claiming Trump foiled the deep state's plans to subjugate the masses &amp; crash the economy by swifty‚Ä¶ https://t.co/ktOKv9m6Ao,,NA
"RT @HealthNagaland: UNICEF donated 600 vaccine carriers, 2 Ice-lined refrigerators &amp; 3 deep freezers to strengthen vaccination programme.Th‚Ä¶","Guwahati, Assam, India",NA
Deadly Deep State Vaccine Warfare! Q+ Trump Is Saving Millions of Lives! Plus Waking Up Billions Worldwide! https://t.co/1T4Nxk3QWi,"Florida, USA",Florida
"RT @MyGovNagaland: Thank you @UNICEF for donating 600 vaccine carriers, 2 Ice-lined refrigerators and 3 deep freezers to strengthen vaccina‚Ä¶",Kohima,NA
"RT @HealthNagaland: UNICEF donated 600 vaccine carriers, 2 Ice-lined refrigerators &amp; 3 deep freezers to strengthen vaccination programme.Th‚Ä¶",,NA
"RT @MyGovNagaland: Thank you @UNICEF for donating 600 vaccine carriers, 2 Ice-lined refrigerators and 3 deep freezers to strengthen vaccina‚Ä¶",,NA
"RT @MyGovNagaland: Thank you @UNICEF for donating 600 vaccine carriers, 2 Ice-lined refrigerators and 3 deep freezers to strengthen vaccina‚Ä¶","Guwahati, India",NA
"RT @MyGovNagaland: Thank you @UNICEF for donating 600 vaccine carriers, 2 Ice-lined refrigerators and 3 deep freezers to strengthen vaccina‚Ä¶","Guwahati, Assam, India",NA
"UNICEF donated 600 vaccine carriers, 2 Ice-lined refrigerators and 3 deep freezers to strengthen vaccination progra‚Ä¶ https://t.co/4QD7fIN1eK",Nagaland,NA
"Thank you @UNICEF for donating 600 vaccine carriers, 2 Ice-lined refrigerators and 3 deep freezers to strengthen va‚Ä¶ https://t.co/nngGIRUmFu",,NA
"UNICEF donated 600 vaccine carriers, 2 Ice-lined refrigerators &amp; 3 deep freezers to strengthen vaccination programm‚Ä¶ https://t.co/3AEI8LRxVU","Kohima, Nagaland ",NA
"RT @Gr8Believer: Mick Jagger's new song - Easy Sleazy:
Shooting the vaccine
Bill Gates is in my bloodstream
It's mind control
The Earth is‚Ä¶","Ay-t-el, Jawja",NA
"Just as with Brexit, there‚Äôs apparently a ‚Äòright‚Äô and ‚Äòwrong‚Äô stance on vaccines, &amp; people who don‚Äôt get jabbed are‚Ä¶ https://t.co/MZ0y1TzERM",UK ,NA
"@squidinkydink @NJDeptofHealth Yeah. Since cops, firemen, healthcare workers all got the vaccine, the deep state an‚Ä¶ https://t.co/LXe5aauRDl",,NA
@trcfwtt If you‚Äôve ever eaten a deep fried food at a State Fair or Amusement park then the vaccine is the least of your worries‚Ä¶,The Unknown Regions,NA
"Russia Collusion....Trump was correct.

The Wuhan virus came from a lab....Trump was correct.

Hydroxychloroquine..‚Ä¶ https://t.co/4kTE0aKIOW","Southeast Massachusetts, USA",Massachusettes
RT @SherryBurgo: Deadly Deep State Vaccine Warfare! Q+ Trump Is Saving Millions of Lives Plus Waking Up Billions More https://t.co/8cb8HcuG‚Ä¶,,NA
Deadly Deep State Vaccine Warfare! Q+ Trump Is Saving Millions of Lives Plus Waking Up Billions More https://t.co/8cb8HcuGtr,,NA
RT @KumaraVaani: Moonchute's the main blackcoat in judicial encroachment into executive space yesterday over vaccine sufficiency. His Harva‚Ä¶,"Hyderabad, India",NA
RT @KumaraVaani: Moonchute's the main blackcoat in judicial encroachment into executive space yesterday over vaccine sufficiency. His Harva‚Ä¶,,NA
RT @KumaraVaani: Moonchute's the main blackcoat in judicial encroachment into executive space yesterday over vaccine sufficiency. His Harva‚Ä¶,Bangalore,NA
Moonchute's the main blackcoat in judicial encroachment into executive space yesterday over vaccine sufficiency. Hi‚Ä¶ https://t.co/mng2EbxtsY,,NA
Deadly Deep State Vaccine Warfare! Q+ Trump Is Saving Millions of Lives Plus Waking Up Billions More https://t.co/suEVYTydKS via @BitChute,,NA
Deadly Deep State Vaccine Warfare! Q+ Trump Is Saving Millions of Lives Plus Waking Up Billions More https://t.co/YQwuZg6AHC,"Nth Coast, NSW",NA
"@harishbpuri In Rajasthan vials filled with vaccine were not just discarded, but buried deep in the ground.
Milords‚Ä¶ https://t.co/3yc4STgrJe",,NA
https://t.co/fqsoRfn1wQ,#9ll=#NWO #NaZi #FalseFlag!,NA
"@Angelakg5 i dont know if it is worth the effort , but if you want the answer this  will start you on the right pat‚Ä¶ https://t.co/U8M19uXf80",Atlanta  Miami,Georgia
Deadly Deep State Vaccine Warfare! Q+ Trump Is Saving Millions of Lives! Plus Waking Up Billions Worldwide! | Alter‚Ä¶ https://t.co/XpcgyOtQHS,,NA
Deadly Deep State Vaccine Warfare! Q+ Trump Is Saving Millions of Lives! Plus Waking Up Billions Worldwide! | Alter‚Ä¶ https://t.co/CYu8YjL0YJ,Chazelles sur lyon,NA
Deadly Deep State Vaccine Warfare! Q+ Trump Is Saving Millions of Lives! Plus Waking Up Billions Worldwide! | Alter‚Ä¶ https://t.co/jU8i8frHOK,,NA
"RT @Gr8Believer: Mick Jagger's new song - Easy Sleazy:
Shooting the vaccine
Bill Gates is in my bloodstream
It's mind control
The Earth is‚Ä¶",Bongaigaon,NA
https://t.co/HxKYZ8rAbp,"Brooklyn Park, MD",Maryland
@chipkahn bat feather deep state tyranny virus vaccine. https://t.co/EGhWL9Sr3b,"Virginia, USA",Virginia
Sptunik vaccine in kerafaaa naseem cut negiya dheegen nuvaane. Rayyithun visnaathi Mulhi dhaulai pakalhaa koffi gau‚Ä¶ https://t.co/ymu8lA1k8P,,NA
@vinylsol The vaccine is just a more efficient delivery method so the New Deep Reset State Order Pharms don't have‚Ä¶ https://t.co/euVwdT1qkP,"QLD, Australia",NA
"‚ÄúBig League Politics has reported on how the America First leadership of Gaetz, who recently defeated a scurrilous‚Ä¶ https://t.co/sD5qFsLeOU",Shaolin,NA
"RT @barnes_law: From vaccine mandates to Deep State lynchpins, and more...
https://t.co/KrV72aH5ih","Portland, Oregon ",Oregon
"RT @barnes_law: From vaccine mandates to Deep State lynchpins, and more...
https://t.co/KrV72aH5ih",,NA
"The vaccine campaign is shaky 
People are starting to ask too many questions 
How should the Deep state address thi‚Ä¶ https://t.co/z1HiwIJbxe",USA,NA
"RT @barnes_law: From vaccine mandates to Deep State lynchpins, and more...
https://t.co/KrV72aH5ih",under your bed..,NA
"RT @barnes_law: From vaccine mandates to Deep State lynchpins, and more...
https://t.co/KrV72aH5ih","Tennessee, USA",Tennessee
"Mick Jagger's new song - Easy Sleazy:
Shooting the vaccine
Bill Gates is in my bloodstream
It's mind control
The Ea‚Ä¶ https://t.co/KsZjhB5LIw",Flat Earth Plane,NA
"RT @barnes_law: From vaccine mandates to Deep State lynchpins, and more...
https://t.co/KrV72aH5ih",Nederland,NA
"RT @barnes_law: From vaccine mandates to Deep State lynchpins, and more...
https://t.co/KrV72aH5ih",United States,NA
"RT @barnes_law: From vaccine mandates to Deep State lynchpins, and more...
https://t.co/KrV72aH5ih",,NA
Anthony Fauci should be tried for treason &amp; all of his deep state medical cartel should go to jail...#Covid_19 #vaccine,Alaska,NA
@RantsOutloud @DeaceProducer Might he have needed Fauci‚Äôs own little niche of the Deep State to expedite a vaccine?‚Ä¶ https://t.co/BSAdYPsmHI,"California, USA",California
"RT @barnes_law: From vaccine mandates to Deep State lynchpins, and more...
https://t.co/KrV72aH5ih",United States,NA
"From vaccine mandates to Deep State lynchpins, and more...
https://t.co/KrV72aH5ih",Las Vegas,Nevada
"@NerdBerg728 @POTUS Shame. You will lose freedom to Deep State. This is a piece of friendly advice, Don‚Äôt get the s‚Ä¶ https://t.co/QuvTYkpBAX","Harrison, AR",Arkansas
RT @hiran_solar: #VaccineZehad #join_hindu_ecosystem #BoardExamsCancelled #BanPETA #Justice4MCD #ivermectin #ivermectinworks #IvermectinSav‚Ä¶,,NA
RT @hiran_solar: #VaccineZehad #join_hindu_ecosystem #BoardExamsCancelled #BanPETA #Justice4MCD #ivermectin #ivermectinworks #IvermectinSav‚Ä¶,India,NA
RT @thehill: West Virginia to give away guns as vaccine incentive https://t.co/YkFJsQpyHg https://t.co/LnBdukTzZl,"Washington, DC",Virginia
"RT @FrankLuntz: Current look at each state‚Äôs vaccination progress:

‚Ä¢ New England states are heading toward 60% of their population having‚Ä¶",Northern Virginia,Virginia
@foxtroopervet I‚Äôd hit that like button with a hammer if I could! Never such pressure with any other vaccine but wh‚Ä¶ https://t.co/xslZFL6JK1,,NA
@CNN YES THE GENE THERAPY TECHNOLOGY!!!! NO WONDER FUCKING PFIZER AND MODERNA ARE DEEP STATE DONT TAKE THE FUCKING‚Ä¶ https://t.co/pGnysGOnGc,"Harrison, AR",Arkansas
"RT @RajivTy29200637: @pbhushan1 Prashant ji, I want to file a P I L on my right to refuse a vaccine, because I see it coming shortly that g‚Ä¶","The city of joy, Kolkata : )",NA
@sidhant @sunandavashisht @PMOIndia @HMOIndia @drharshvardhan  WE MUST END THIS COVID PANDEMIC USING MIRACLE IVERME‚Ä¶ https://t.co/ftJKMv9PB7,"‡§ó‡•ã‡§µ‡§æ, ‡§≠‡§æ‡§∞‡§§",NA
@Br_Christiaens @viruswaarheid @snieuwenhuijs Dat het incentive-mechanisme gebruikt wordt sluit niet uit dat er spr‚Ä¶ https://t.co/cDIUlZrZon,Zaltbommel,NA
#VaccineZehad #join_hindu_ecosystem #BoardExamsCancelled #BanPETA #Justice4MCD #ivermectin #ivermectinworks‚Ä¶ https://t.co/k0uaR54qV5,,NA
The evil-doing Deep State wants as many as possible to get the vacks before they realize that it will NOT be approv‚Ä¶ https://t.co/W798BNXezK,,NA
"@pbhushan1 Prashant ji, I want to file a P I L on my right to refuse a vaccine, because I see it coming shortly tha‚Ä¶ https://t.co/rsh1ppPfxq",,NA
"RT @FrankLuntz: Current look at each state‚Äôs vaccination progress:

‚Ä¢ New England states are heading toward 60% of their population having‚Ä¶",Philadelphia/NYC/Vermont/Italy,Pennsylvania
"RT @FrankLuntz: Current look at each state‚Äôs vaccination progress:

‚Ä¢ New England states are heading toward 60% of their population having‚Ä¶",everywhere,NA
@TifanyRobb10 It's not a vaccine! FDA HASN'T APPROVED IT AS A VACCINE. FDA stated it going to take 2-3 years to app‚Ä¶ https://t.co/Gvm4GajVDQ,DC Area,Virginia
RT @JharkhandCMO: The Govt of Jharkhand is fully focused on utilising it‚Äôs available vaccine doses in the most prudent manner possible ensu‚Ä¶,,NA
"RT @ShahzadFaisalMD: RT! Vaccine deep state is panicking, resistance is too overwhelming! They're creating a false flag. 

https://naturaln‚Ä¶",Novi Sad,NA
@CHEYRU711 @Connie05467434 @KurtRamlo @Jim_Jordan Trump closed down the borders early saving lives. Without trump n‚Ä¶ https://t.co/peKdCxUjhu,,NA
"RT @maggieNYT: At odds with DeSantis, 80% want vaccinated cruises - South Florida Sun-Sentinel https://t.co/p5isHFJA3b","Washington, DC",Virginia
"RT @FrankLuntz: Current look at each state‚Äôs vaccination progress:

‚Ä¢ New England states are heading toward 60% of their population having‚Ä¶",Charlotte NC,North Carolina
"RT @FrankLuntz: Current look at each state‚Äôs vaccination progress:

‚Ä¢ New England states are heading toward 60% of their population having‚Ä¶",,NA
"@capnstabn82 @AmericanEthical CDC and the ...gasp!...""deep state"" developed and implemented vaccine policy.  Donnie‚Ä¶ https://t.co/fb4wsaqCXo",,NA
"@md_shultz @geek_gareth @realDonaldTrump @va_shiva My theory is it was released, on purpose by the CCP. An act of f‚Ä¶ https://t.co/HhDHA3oLsQ",,NA
"RT @FrankLuntz: Current look at each state‚Äôs vaccination progress:

‚Ä¢ New England states are heading toward 60% of their population having‚Ä¶",Virtual commuter,NA
"Current look at each state‚Äôs vaccination progress:

‚Ä¢ New England states are heading toward 60% of their population‚Ä¶ https://t.co/HhN8au2aPJ",Brazil ,NA
"RT @FrankLuntz: Current look at each state‚Äôs vaccination progress:

‚Ä¢ New England states are heading toward 60% of their population having‚Ä¶",,NA
"RT @shannonrwatts: West Virginia, which has the 13th highest rate of gun deaths in the United States, is raffling rifles and shotguns to gi‚Ä¶",Dreaming of Prague,NA
"RT @mdj17: OSHA Suspends Requirement That Employers Report Vaccine-related Injuries

DEEP STATE BUREAUCRACY CONTINUES TO HIDE VACCINE INJUR‚Ä¶","Woodland Park, Colorado.",Colorado
"** NO¬†¬† Mask !!!
** NO¬†¬† Vaccine !!!
** NO¬†¬† Control !!!
**¬† Deep¬† State¬† Out !!!",,NA
"RT @FrankLuntz: Current look at each state‚Äôs vaccination progress:

‚Ä¢ New England states are heading toward 60% of their population having‚Ä¶","Connecticut, USA",Connecticut
"RT @FrankLuntz: Current look at each state‚Äôs vaccination progress:

‚Ä¢ New England states are heading toward 60% of their population having‚Ä¶","Brooklyn, NY",New York
"RT @FrankLuntz: Current look at each state‚Äôs vaccination progress:

‚Ä¢ New England states are heading toward 60% of their population having‚Ä¶",,NA
"RT @FrankLuntz: Current look at each state‚Äôs vaccination progress:

‚Ä¢ New England states are heading toward 60% of their population having‚Ä¶","Austin, TX",Texas
"Tribunals for all Deep State actors, especially those responsible for creating the bioweapon known as COVID-19 and‚Ä¶ https://t.co/PsgH8lly6q","San Fernando, Argentina",NA
"RT @FrankLuntz: Current look at each state‚Äôs vaccination progress:

‚Ä¢ New England states are heading toward 60% of their population having‚Ä¶",,NA
"RT @FrankLuntz: Current look at each state‚Äôs vaccination progress:

‚Ä¢ New England states are heading toward 60% of their population having‚Ä¶",Hell,NA
"RT @FrankLuntz: Current look at each state‚Äôs vaccination progress:

‚Ä¢ New England states are heading toward 60% of their population having‚Ä¶","Palatine, IL",Illinois
"RT @FrankLuntz: Current look at each state‚Äôs vaccination progress:

‚Ä¢ New England states are heading toward 60% of their population having‚Ä¶",Not your shit suburb.,NA
"RT @FrankLuntz: Current look at each state‚Äôs vaccination progress:

‚Ä¢ New England states are heading toward 60% of their population having‚Ä¶","Virginia, USA",Virginia
"RT @FrankLuntz: Current look at each state‚Äôs vaccination progress:

‚Ä¢ New England states are heading toward 60% of their population having‚Ä¶","New Jersey, USA",New Jersey
"RT @FrankLuntz: Current look at each state‚Äôs vaccination progress:

‚Ä¢ New England states are heading toward 60% of their population having‚Ä¶",College Station Red State,NA
"RT @FrankLuntz: Current look at each state‚Äôs vaccination progress:

‚Ä¢ New England states are heading toward 60% of their population having‚Ä¶",,NA
"RT @FrankLuntz: Current look at each state‚Äôs vaccination progress:

‚Ä¢ New England states are heading toward 60% of their population having‚Ä¶","Santa Clara, CA",California
"RT @FrankLuntz: Current look at each state‚Äôs vaccination progress:

‚Ä¢ New England states are heading toward 60% of their population having‚Ä¶",https://youtu.be/ZFfGFChWKqY,NA
"RT @FrankLuntz: Current look at each state‚Äôs vaccination progress:

‚Ä¢ New England states are heading toward 60% of their population having‚Ä¶","Brooklyn, New York",New York
"RT @FrankLuntz: Current look at each state‚Äôs vaccination progress:

‚Ä¢ New England states are heading toward 60% of their population having‚Ä¶",United States,NA
"RT @FrankLuntz: Current look at each state‚Äôs vaccination progress:

‚Ä¢ New England states are heading toward 60% of their population having‚Ä¶","Columbus, IN",Indiana
"RT @FrankLuntz: Current look at each state‚Äôs vaccination progress:

‚Ä¢ New England states are heading toward 60% of their population having‚Ä¶",,NA
"RT @FrankLuntz: Current look at each state‚Äôs vaccination progress:

‚Ä¢ New England states are heading toward 60% of their population having‚Ä¶",USA,NA
"RT @FrankLuntz: Current look at each state‚Äôs vaccination progress:

‚Ä¢ New England states are heading toward 60% of their population having‚Ä¶","Lower Heidelberg Township, PA",Pennsylvania
"RT @FrankLuntz: Current look at each state‚Äôs vaccination progress:

‚Ä¢ New England states are heading toward 60% of their population having‚Ä¶",Louisiana,Louisiana
"RT @FrankLuntz: Current look at each state‚Äôs vaccination progress:

‚Ä¢ New England states are heading toward 60% of their population having‚Ä¶","Shrewsbury, MA",Massachusettes
"RT @FrankLuntz: Current look at each state‚Äôs vaccination progress:

‚Ä¢ New England states are heading toward 60% of their population having‚Ä¶",CHICAGO,Illinois
"RT @FrankLuntz: Current look at each state‚Äôs vaccination progress:

‚Ä¢ New England states are heading toward 60% of their population having‚Ä¶","New York, NY",New York
"RT @FrankLuntz: Current look at each state‚Äôs vaccination progress:

‚Ä¢ New England states are heading toward 60% of their population having‚Ä¶",Los Angeles.London.Yaound√©.Kom,NA
"RT @FrankLuntz: Current look at each state‚Äôs vaccination progress:

‚Ä¢ New England states are heading toward 60% of their population having‚Ä¶",Chicagoland,Illinois
"RT @FrankLuntz: Current look at each state‚Äôs vaccination progress:

‚Ä¢ New England states are heading toward 60% of their population having‚Ä¶","Belle Plaine, MN",Minnesota
"RT @FrankLuntz: Current look at each state‚Äôs vaccination progress:

‚Ä¢ New England states are heading toward 60% of their population having‚Ä¶","Las Vegas, NV",Nevada
"Current look at each state‚Äôs vaccination progress:

‚Ä¢ New England states are heading toward 60% of their population‚Ä¶ https://t.co/dVmupICyfC",All over,NA
"RT @ShahzadFaisalMD: RT! Vaccine deep state is panicking, resistance is too overwhelming! They're creating a false flag. 

https://naturaln‚Ä¶",,NA
"RT @ShahzadFaisalMD: RT! Vaccine deep state is panicking, resistance is too overwhelming! They're creating a false flag. 

https://naturaln‚Ä¶",,NA
"RT @Vishal_here_USA: @mvmeet @prettypadmaja Through this, farmers protests, etc, @RahulGandhi and @ashokgehlot51 are trying to ensure covid‚Ä¶",,NA
@OpIndia_in Nothing unusual about it. This is the state of affairs in almost all non BJP ruled States. Politics is‚Ä¶ https://t.co/emlRwWYcpc,"Pune, India",NA
"RT @Vishal_here_USA: @mvmeet @prettypadmaja Through this, farmers protests, etc, @RahulGandhi and @ashokgehlot51 are trying to ensure covid‚Ä¶",,NA
This is my ONLY wrangle with President Trump...&amp; it‚Äôs a BIG ONE: Operation Warp Speed! The Deep State will be off t‚Ä¶ https://t.co/xBmhGqtlWr,"California, USA",California
@thehowie @joncoopertweets Why are rates so low in the deep south? Vaccine hesitancy? Lack of focus by the state gov?,"Seattle, WA",Washington
@RobertHartley77 Perhaps the reason for the vaccine push is the deep state is frightened the public will learn the‚Ä¶ https://t.co/b7HOJy8W1q,United States,NA
RT @RSMuseum: Natural News | Health Ranger | Mike Adams - Situation Update: Vaccine Deep State issues DIRECT THREAT to Natural News and the‚Ä¶,nederland ede,NA
Natural News | Health Ranger | Mike Adams - Situation Update: Vaccine Deep State issues DIRECT THREAT to Natural Ne‚Ä¶ https://t.co/UJPQD1SXEa,"Middenweg 172-174, Den Helder",NA
"Situation Update, May 28th, 2021 - Vaccine Deep State Issues Direct Threat to Natural News! - Mike Adams Video | He‚Ä¶ https://t.co/P4Itukz7WP",,NA
"RT @mdj17: OSHA Suspends Requirement That Employers Report Vaccine-related Injuries

DEEP STATE BUREAUCRACY CONTINUES TO HIDE VACCINE INJUR‚Ä¶",,NA
"RT @mdj17: OSHA Suspends Requirement That Employers Report Vaccine-related Injuries

DEEP STATE BUREAUCRACY CONTINUES TO HIDE VACCINE INJUR‚Ä¶","Behind The Lines, NY",New York
"RT @ShahzadFaisalMD: RT! Vaccine deep state is panicking, resistance is too overwhelming! They're creating a false flag. 

https://naturaln‚Ä¶",,NA
"RT @mdj17: OSHA Suspends Requirement That Employers Report Vaccine-related Injuries

DEEP STATE BUREAUCRACY CONTINUES TO HIDE VACCINE INJUR‚Ä¶",,NA
"OSHA Suspends Requirement That Employers Report Vaccine-related Injuries

DEEP STATE BUREAUCRACY CONTINUES TO HIDE‚Ä¶ https://t.co/0FZT3F1dHI","Alabama, USA",Alabama
"RT @arpitahindu: 1 crore people, 30 days: Uttar Pradesh to start vaccine drive today

To meet the target, the government will be setting up‚Ä¶","New Delhi, India",NA
"RT @Imforthewhales: Situation Update, May 20th, 2021 - VACCINE DEEP STATE is spreading spike protein like a bioterrorist

( search term)",,NA
"Situation Update, May 20th, 2021 - VACCINE DEEP STATE is spreading spike protein like a bioterrorist

( search term)","Sydney, New South Wales",NA
Jharkhand CM writes to PM that state unake to bear burden of cost of vaccination of 18 to 44 age group but gives fu‚Ä¶ https://t.co/HamuTBBysq,New Delhi | India,NA
"@mvmeet @prettypadmaja Through this, farmers protests, etc, @RahulGandhi and @ashokgehlot51 are trying to ensure co‚Ä¶ https://t.co/TCZGdPbimq","East Coast, USA",NA
"RT @DanielMacomber: 4,000 vaccine deaths, but vaccine is the only way to freedom??? WHAT THE HELL???? Fuck off deep state!! Stop killing pe‚Ä¶","Ohio, USA",Ohio
"RT @ShahzadFaisalMD: RT! Vaccine deep state is panicking, resistance is too overwhelming! They're creating a false flag. 

https://naturaln‚Ä¶",,NA
"RT @houndinater: Four of my relatives got Covid before the vaccine: my mom, my aunt, my brother and my sister. My brother was hit hard by C‚Ä¶","Washington, DC",Virginia
"RT! Vaccine deep state is panicking, resistance is too overwhelming! They're creating a false flag. 

https://natur‚Ä¶ https://t.co/rlAMp15pRg",United Kingdom,NA
